{"cameraMode":{"drawMode":0,"name":"Shaded","section":"Shading Mode"},"sceneLighting":true,"audioPlay":false,"sceneViewState":{"showFog":true,"showMaterialUpdate":false,"showSkybox":true,"showFlares":true,"showImageEffects":true,"showParticleSystems":true},"in2DMode":false,"pivot":{"x":12.253194808959961,"y":0.0,"z":25.541723251342775},"rotation":{"x":0.028404125943779947,"y":0.9337468147277832,"z":-0.34859979152679446,"w":0.07608216255903244},"size":14.109577178955079,"orthographic":false}