{"cameraMode":{"drawMode":0,"name":"Shaded","section":"Shading Mode"},"sceneLighting":true,"audioPlay":false,"sceneViewState":{"showFog":true,"showMaterialUpdate":false,"showSkybox":true,"showFlares":true,"showImageEffects":true,"showParticleSystems":true},"in2DMode":false,"pivot":{"x":119.41687774658203,"y":40.89598083496094,"z":140.93319702148438},"rotation":{"x":-0.00014885180280543864,"y":-0.8996863961219788,"z":0.4366081953048706,"w":-0.00021952665701974183},"size":96.22149658203125,"orthographic":false}