{"cameraMode":{"drawMode":0,"name":"Shaded","section":"Shading Mode"},"sceneLighting":true,"audioPlay":false,"sceneViewState":{"showFog":true,"showMaterialUpdate":false,"showSkybox":true,"showFlares":true,"showImageEffects":true,"showParticleSystems":true},"in2DMode":false,"pivot":{"x":153.47329711914063,"y":33.032379150390628,"z":35.5190544128418},"rotation":{"x":-0.014742949046194554,"y":-0.936551570892334,"z":0.34804630279541018,"w":-0.03959732875227928},"size":38.07537078857422,"orthographic":false}