{"cameraMode":{"drawMode":0,"name":"Shaded","section":"Shading Mode"},"sceneLighting":true,"audioPlay":false,"sceneViewState":{"showFog":true,"showMaterialUpdate":false,"showSkybox":true,"showFlares":true,"showImageEffects":true,"showParticleSystems":true},"in2DMode":false,"pivot":{"x":24.2597713470459,"y":2.9785008430480959,"z":21.709348678588868},"rotation":{"x":0.377706378698349,"y":-0.07902634143829346,"z":0.03237944841384888,"w":0.9219920635223389},"size":7.073875904083252,"orthographic":false}