{"cameraMode":{"drawMode":0,"name":"Shaded","section":"Shading Mode"},"sceneLighting":true,"audioPlay":false,"sceneViewState":{"showFog":true,"showMaterialUpdate":false,"showSkybox":true,"showFlares":true,"showImageEffects":true,"showParticleSystems":true},"in2DMode":false,"pivot":{"x":139.58123779296876,"y":-11.7943696975708,"z":32.07188415527344},"rotation":{"x":-0.12376317381858826,"y":0.8731980323791504,"z":-0.2921023666858673,"w":-0.370042085647583},"size":38.48566436767578,"orthographic":false}