{"cameraMode":{"drawMode":0,"name":"Shaded","section":"Shading Mode"},"sceneLighting":true,"audioPlay":false,"sceneViewState":{"showFog":true,"showMaterialUpdate":false,"showSkybox":true,"showFlares":true,"showImageEffects":true,"showParticleSystems":true},"in2DMode":false,"pivot":{"x":22.000873565673829,"y":4.454777240753174,"z":24.520429611206056},"rotation":{"x":-0.13313686847686768,"y":0.6992542147636414,"z":-0.13506758213043214,"w":-0.6892579793930054},"size":6.198077201843262,"orthographic":false}