{"cameraMode":{"drawMode":0,"name":"Shaded","section":"Shading Mode"},"sceneLighting":true,"audioPlay":false,"sceneViewState":{"showFog":true,"showMaterialUpdate":false,"showSkybox":true,"showFlares":true,"showImageEffects":true,"showParticleSystems":true},"in2DMode":false,"pivot":{"x":122.73999786376953,"y":25.0,"z":47.900001525878909},"rotation":{"x":0.011202214285731316,"y":-0.9617963433265686,"z":0.27085497975349429,"w":0.03961588069796562},"size":105.66585540771485,"orthographic":false}