{"cameraMode":{"drawMode":0,"name":"Shaded","section":"Shading Mode"},"sceneLighting":true,"audioPlay":false,"sceneViewState":{"showFog":true,"showMaterialUpdate":false,"showSkybox":true,"showFlares":true,"showImageEffects":true,"showParticleSystems":true},"in2DMode":false,"pivot":{"x":31.522716522216798,"y":1.5417454242706299,"z":18.22781753540039},"rotation":{"x":0.377706378698349,"y":-0.07902634143829346,"z":0.03237944841384888,"w":0.9219920635223389},"size":6.804117679595947,"orthographic":false}