{"cameraMode":{"drawMode":0,"name":"Shaded","section":"Shading Mode"},"sceneLighting":true,"audioPlay":false,"sceneViewState":{"showFog":true,"showMaterialUpdate":false,"showSkybox":true,"showFlares":true,"showImageEffects":true,"showParticleSystems":true},"in2DMode":false,"pivot":{"x":4.113950729370117,"y":20.542438507080079,"z":244.43377685546876},"rotation":{"x":-0.2367400825023651,"y":0.4781596064567566,"z":-0.13558726012706757,"w":-0.8348855376243591},"size":1.262455940246582,"orthographic":false}