{"cameraMode":{"drawMode":0,"name":"Shaded","section":"Shading Mode"},"sceneLighting":true,"audioPlay":false,"sceneViewState":{"showFog":true,"showMaterialUpdate":false,"showSkybox":true,"showFlares":true,"showImageEffects":true,"showParticleSystems":true},"in2DMode":false,"pivot":{"x":-22.050933837890626,"y":-160.14892578125,"z":258.0919189453125},"rotation":{"x":-0.37627846002578738,"y":0.39628905057907107,"z":-0.18242548406124116,"w":-0.8174168467521668},"size":229.3110809326172,"orthographic":false}