{"cameraMode":{"drawMode":0,"name":"Shaded","section":"Shading Mode"},"sceneLighting":true,"audioPlay":false,"sceneViewState":{"showFog":true,"showMaterialUpdate":false,"showSkybox":true,"showFlares":true,"showImageEffects":true,"showParticleSystems":true},"in2DMode":false,"pivot":{"x":0.9087344408035278,"y":-0.8098504543304443,"z":-1.2545387744903565},"rotation":{"x":-0.0028265470173209907,"y":-0.9849829077720642,"z":0.1719292551279068,"w":-0.01624862477183342},"size":4.436140537261963,"orthographic":false}