{"cameraMode":{"drawMode":0,"name":"Shaded","section":"Shading Mode"},"sceneLighting":true,"audioPlay":false,"sceneViewState":{"showFog":true,"showMaterialUpdate":false,"showSkybox":true,"showFlares":true,"showImageEffects":true,"showParticleSystems":true},"in2DMode":false,"pivot":{"x":155.6851806640625,"y":1.9683892726898194,"z":184.44862365722657},"rotation":{"x":0.01294837798923254,"y":-0.9831324815750122,"z":0.1655331403017044,"w":0.07684539258480072},"size":2.6361405849456789,"orthographic":false}