{"cameraMode":{"drawMode":0,"name":"Shaded","section":"Shading Mode"},"sceneLighting":true,"audioPlay":false,"sceneViewState":{"showFog":true,"showMaterialUpdate":false,"showSkybox":true,"showFlares":true,"showImageEffects":true,"showParticleSystems":true},"in2DMode":false,"pivot":{"x":104.22125244140625,"y":-10.28678035736084,"z":71.57685089111328},"rotation":{"x":0.043900299817323688,"y":0.9369158744812012,"z":-0.32248786091804507,"w":0.12754030525684358},"size":49.11958312988281,"orthographic":false}