{"cameraMode":{"drawMode":0,"name":"Shaded","section":"Shading Mode"},"sceneLighting":true,"audioPlay":false,"sceneViewState":{"showFog":true,"showMaterialUpdate":false,"showSkybox":true,"showFlares":true,"showImageEffects":true,"showParticleSystems":true},"in2DMode":false,"pivot":{"x":0.13667336106300355,"y":-0.1721624881029129,"z":0.16597062349319459},"rotation":{"x":0.03174040466547012,"y":0.9398818612098694,"z":-0.32762467861175539,"w":0.09107813239097595},"size":4.22474479675293,"orthographic":false}