{"cameraMode":{"drawMode":0,"name":"Shaded","section":"Shading Mode"},"sceneLighting":true,"audioPlay":false,"sceneViewState":{"showFog":true,"showMaterialUpdate":false,"showSkybox":true,"showFlares":true,"showImageEffects":true,"showParticleSystems":true},"in2DMode":false,"pivot":{"x":386.95904541015627,"y":209.44158935546876,"z":672.5654907226563},"rotation":{"x":0.17012299597263337,"y":0.8057349920272827,"z":-0.27680692076683047,"w":0.49522292613983157},"size":191.86119079589845,"orthographic":false}